Hid,Restaurant_Name,rDistance
1,Dragon Dynasty,2
2,Dragon Dynasty,4
3,Dragon Dynasty,1
4,Dragon Dynasty,3
5,Dragon Dynasty,6
6,Dragon Dynasty,4
7,Dragon Dynasty,2
8,Dragon Dynasty,3
9,Dragon Dynasty,4
10,Dragon Dynasty,5
11,Dragon Dynasty,6
12,Dragon Dynasty,1
13,Dragon Dynasty,5
14,Dragon Dynasty,2
15,Dragon Dynasty,3
16,Dragon Dynasty,3
17,Dragon Dynasty,4
18,Dragon Dynasty,4
19,Dragon Dynasty,2
20,Dragon Dynasty,6
21,Dragon Dynasty,1
22,Dragon Dynasty,1
23,Dragon Dynasty,6
24,Dragon Dynasty,3
25,Dragon Dynasty,2
26,Dragon Dynasty,5
27,Dragon Dynasty,3
28,Dragon Dynasty,6
29,Dragon Dynasty,2
30,Dragon Dynasty,6
31,Dragon Dynasty,3
32,Dragon Dynasty,1
33,Dragon Dynasty,4
34,Dragon Dynasty,6
35,Dragon Dynasty,2
36,Dragon Dynasty,5
37,Dragon Dynasty,3
38,Dragon Dynasty,2
39,Dragon Dynasty,1
40,Dragon Dynasty,1
41,Dragon Dynasty,2
42,Dragon Dynasty,4
43,Dragon Dynasty,5
44,Dragon Dynasty,4
45,Dragon Dynasty,4
46,Dragon Dynasty,2
47,Dragon Dynasty,2
48,Dragon Dynasty,6
49,Dragon Dynasty,4
50,Dragon Dynasty,2
51,Dragon Dynasty,2
52,Dragon Dynasty,5
53,Dragon Dynasty,6
54,Dragon Dynasty,4
55,Dragon Dynasty,6
56,Dragon Dynasty,4
57,Dragon Dynasty,5
58,Dragon Dynasty,5
59,Dragon Dynasty,1
60,Dragon Dynasty,5
61,Dragon Dynasty,3
62,Dragon Dynasty,2
63,Dragon Dynasty,2
64,Dragon Dynasty,1
65,Dragon Dynasty,5
66,Dragon Dynasty,1
67,Dragon Dynasty,4
68,Dragon Dynasty,4
69,Dragon Dynasty,4
70,Dragon Dynasty,4
71,Dragon Dynasty,1
72,Dragon Dynasty,4
73,Dragon Dynasty,2
74,Dragon Dynasty,1
75,Dragon Dynasty,2
76,Dragon Dynasty,1
77,Dragon Dynasty,2
78,Dragon Dynasty,5
79,Dragon Dynasty,3
80,Dragon Dynasty,5
81,Dragon Dynasty,6
82,Dragon Dynasty,3
83,Dragon Dynasty,5
84,Dragon Dynasty,4
85,Dragon Dynasty,3
86,Dragon Dynasty,2
87,Dragon Dynasty,2
88,Dragon Dynasty,3
89,Dragon Dynasty,3
90,Dragon Dynasty,1
91,Dragon Dynasty,3
92,Dragon Dynasty,3
93,Dragon Dynasty,5
94,Dragon Dynasty,3
95,Dragon Dynasty,6
96,Dragon Dynasty,4
97,Dragon Dynasty,6
98,Dragon Dynasty,3
99,Dragon Dynasty,6
100,Dragon Dynasty,1
101,Dragon Dynasty,6
102,Dragon Dynasty,4
103,Dragon Dynasty,5
104,Dragon Dynasty,5
105,Dragon Dynasty,3
106,Dragon Dynasty,5
107,Dragon Dynasty,5
108,Dragon Dynasty,4
109,Dragon Dynasty,4
110,Dragon Dynasty,1
111,Dragon Dynasty,1
112,Dragon Dynasty,2
113,Dragon Dynasty,3
114,Dragon Dynasty,4
115,Dragon Dynasty,5
116,Dragon Dynasty,6
117,Dragon Dynasty,3
118,Dragon Dynasty,6
119,Dragon Dynasty,6
120,Dragon Dynasty,4
121,Dragon Dynasty,3
122,Dragon Dynasty,5
123,Dragon Dynasty,3
124,Dragon Dynasty,1
125,Dragon Dynasty,4
126,Dragon Dynasty,2
127,Dragon Dynasty,4
128,Dragon Dynasty,1
129,Dragon Dynasty,5
130,Dragon Dynasty,5
131,Dragon Dynasty,5
132,Dragon Dynasty,5
133,Dragon Dynasty,3
134,Dragon Dynasty,3
135,Dragon Dynasty,1
136,Dragon Dynasty,4
137,Dragon Dynasty,5
138,Dragon Dynasty,6
139,Dragon Dynasty,5
140,Dragon Dynasty,3
141,Dragon Dynasty,1
142,Dragon Dynasty,4
143,Dragon Dynasty,4
144,Dragon Dynasty,3
145,Dragon Dynasty,3
146,Dragon Dynasty,1
147,Dragon Dynasty,6
148,Dragon Dynasty,4
149,Dragon Dynasty,3
150,Dragon Dynasty,4
151,Dragon Dynasty,3
152,Dragon Dynasty,6
153,Dragon Dynasty,1
154,Dragon Dynasty,6
155,Dragon Dynasty,4
156,Dragon Dynasty,4
157,Dragon Dynasty,5
158,Dragon Dynasty,3
159,Dragon Dynasty,1
160,Dragon Dynasty,5
161,Dragon Dynasty,1
162,Dragon Dynasty,2
163,Dragon Dynasty,4
164,Dragon Dynasty,6
165,Dragon Dynasty,4
166,Dragon Dynasty,4
167,Dragon Dynasty,6
168,Dragon Dynasty,3
169,Dragon Dynasty,6
170,Dragon Dynasty,3
171,Dragon Dynasty,4
172,Dragon Dynasty,2
173,Dragon Dynasty,4
174,Dragon Dynasty,5
175,Dragon Dynasty,4
176,Dragon Dynasty,6
177,Dragon Dynasty,1
178,Dragon Dynasty,3
179,Dragon Dynasty,4
180,Dragon Dynasty,2
181,Dragon Dynasty,5
182,Dragon Dynasty,4
183,Dragon Dynasty,3
184,Dragon Dynasty,5
185,Dragon Dynasty,2
186,Dragon Dynasty,3
187,Dragon Dynasty,4
188,Dragon Dynasty,5
189,Dragon Dynasty,4
190,Dragon Dynasty,4
191,Dragon Dynasty,6
192,Dragon Dynasty,3
193,Dragon Dynasty,5
194,Dragon Dynasty,6
195,Dragon Dynasty,2
196,Dragon Dynasty,5
197,Dragon Dynasty,4
198,Dragon Dynasty,4
199,Dragon Dynasty,1
200,Dragon Dynasty,1
201,Dragon Dynasty,4
202,Dragon Dynasty,3
203,Dragon Dynasty,4
204,Dragon Dynasty,4
205,Dragon Dynasty,3
206,Dragon Dynasty,1
207,Dragon Dynasty,5
208,Dragon Dynasty,4
209,Dragon Dynasty,5
210,Dragon Dynasty,4
211,Dragon Dynasty,6
212,Dragon Dynasty,4
213,Dragon Dynasty,1
214,Dragon Dynasty,2
215,Dragon Dynasty,3
216,Dragon Dynasty,1
217,Dragon Dynasty,3
218,Dragon Dynasty,5
219,Dragon Dynasty,1
220,Dragon Dynasty,6
221,Dragon Dynasty,2
222,Dragon Dynasty,2
223,Dragon Dynasty,1
224,Dragon Dynasty,6
225,Dragon Dynasty,3
226,Dragon Dynasty,4
227,Dragon Dynasty,3
228,Dragon Dynasty,6
229,Dragon Dynasty,4
230,Dragon Dynasty,1
231,Dragon Dynasty,1
232,Dragon Dynasty,2
233,Dragon Dynasty,3
234,Dragon Dynasty,3
235,Dragon Dynasty,3
236,Dragon Dynasty,2
237,Dragon Dynasty,5
238,Dragon Dynasty,5
239,Dragon Dynasty,6
240,Dragon Dynasty,3
241,Dragon Dynasty,2
242,Dragon Dynasty,4
243,Dragon Dynasty,6
244,Dragon Dynasty,6
245,Dragon Dynasty,1
246,Dragon Dynasty,1
247,Dragon Dynasty,4
248,Dragon Dynasty,1
249,Dragon Dynasty,5
250,Dragon Dynasty,2
251,Dragon Dynasty,5
252,Dragon Dynasty,4
253,Dragon Dynasty,1
254,Dragon Dynasty,2
255,Dragon Dynasty,2
256,Dragon Dynasty,3
257,Dragon Dynasty,6
258,Dragon Dynasty,3
259,Dragon Dynasty,3
260,Dragon Dynasty,6
261,Dragon Dynasty,3
262,Dragon Dynasty,1
263,Dragon Dynasty,1
264,Dragon Dynasty,2
265,Dragon Dynasty,6
266,Dragon Dynasty,5
267,Dragon Dynasty,3
268,Dragon Dynasty,5
269,Dragon Dynasty,2
270,Dragon Dynasty,6
271,Dragon Dynasty,5
272,Dragon Dynasty,1
273,Dragon Dynasty,6
274,Dragon Dynasty,5
275,Dragon Dynasty,6
276,Dragon Dynasty,3
277,Dragon Dynasty,5
278,Dragon Dynasty,2
279,Dragon Dynasty,3
280,Dragon Dynasty,4
281,Dragon Dynasty,2
282,Dragon Dynasty,2
283,Dragon Dynasty,6
284,Dragon Dynasty,4
285,Dragon Dynasty,3
286,Dragon Dynasty,5
287,Dragon Dynasty,2
288,Dragon Dynasty,5
289,Dragon Dynasty,4
290,Dragon Dynasty,4
291,Dragon Dynasty,4
292,Dragon Dynasty,4
293,Dragon Dynasty,2
294,Dragon Dynasty,5
295,Dragon Dynasty,5
296,Dragon Dynasty,6
297,Dragon Dynasty,4
298,Dragon Dynasty,2
299,Dragon Dynasty,1
300,Dragon Dynasty,5
301,Dragon Dynasty,3
302,Dragon Dynasty,6
303,Dragon Dynasty,2
304,Dragon Dynasty,2
305,Dragon Dynasty,5
306,Dragon Dynasty,6
307,Dragon Dynasty,5
308,Dragon Dynasty,3
309,Dragon Dynasty,2
310,Dragon Dynasty,6
311,Dragon Dynasty,5
312,Dragon Dynasty,5
313,Dragon Dynasty,4
314,Dragon Dynasty,4
315,Dragon Dynasty,2
316,Dragon Dynasty,3
317,Dragon Dynasty,3
318,Dragon Dynasty,4
319,Dragon Dynasty,1
320,Dragon Dynasty,2
321,Dragon Dynasty,1
322,Dragon Dynasty,5
323,Dragon Dynasty,2
324,Dragon Dynasty,3
325,Dragon Dynasty,4
326,Dragon Dynasty,1
327,Dragon Dynasty,4
328,Dragon Dynasty,5
329,Dragon Dynasty,6
330,Dragon Dynasty,3
331,Dragon Dynasty,3
332,Dragon Dynasty,2
333,Dragon Dynasty,2
334,Dragon Dynasty,2
335,Dragon Dynasty,2
336,Dragon Dynasty,3
337,Dragon Dynasty,1
338,Dragon Dynasty,4
339,Dragon Dynasty,5
340,Dragon Dynasty,4
341,Dragon Dynasty,5
342,Dragon Dynasty,6
343,Dragon Dynasty,4
344,Dragon Dynasty,5
345,Dragon Dynasty,2
346,Dragon Dynasty,4
347,Dragon Dynasty,1
348,Dragon Dynasty,5
349,Dragon Dynasty,2
350,Dragon Dynasty,6
351,Dragon Dynasty,3
352,Dragon Dynasty,6
353,Dragon Dynasty,1
354,Dragon Dynasty,5
355,Dragon Dynasty,6
356,Dragon Dynasty,6
357,Dragon Dynasty,6
358,Dragon Dynasty,5
359,Dragon Dynasty,4
360,Dragon Dynasty,3
361,Dragon Dynasty,4
362,Dragon Dynasty,2
363,Dragon Dynasty,6
364,Dragon Dynasty,4
365,Dragon Dynasty,3
366,Dragon Dynasty,3
367,Dragon Dynasty,5
368,Dragon Dynasty,4
369,Dragon Dynasty,6
370,Dragon Dynasty,4
371,Dragon Dynasty,5
372,Dragon Dynasty,1
373,Dragon Dynasty,4
374,Dragon Dynasty,3
375,Dragon Dynasty,2
376,Dragon Dynasty,1
377,Dragon Dynasty,6
